{"position": {"y": -1.1462544608856626, "x": 0.292423670777786, "z": 0.13800000000000004}, "orientation": {"y": 0.0, "x": 0.0, "z": 0.03114387439300758, "w": 0.9995149118886584}}
